PRAGMA foreign_keys=OFF;
BEGIN TRANSACTION;
CREATE TABLE IF NOT EXISTS "django_migrations" ("id" integer NOT NULL PRIMARY KEY AUTOINCREMENT, "app" varchar(255) NOT NULL, "name" varchar(255) NOT NULL, "applied" datetime NOT NULL);
INSERT INTO django_migrations VALUES(1,'contenttypes','0001_initial','2025-10-29 20:16:10.978704');
INSERT INTO django_migrations VALUES(2,'auth','0001_initial','2025-10-29 20:16:10.995351');
INSERT INTO django_migrations VALUES(3,'admin','0001_initial','2025-10-29 20:16:11.005913');
INSERT INTO django_migrations VALUES(4,'admin','0002_logentry_remove_auto_add','2025-10-29 20:16:11.015382');
INSERT INTO django_migrations VALUES(5,'admin','0003_logentry_add_action_flag_choices','2025-10-29 20:16:11.024599');
INSERT INTO django_migrations VALUES(6,'contenttypes','0002_remove_content_type_name','2025-10-29 20:16:11.037429');
INSERT INTO django_migrations VALUES(7,'auth','0002_alter_permission_name_max_length','2025-10-29 20:16:11.047511');
INSERT INTO django_migrations VALUES(8,'auth','0003_alter_user_email_max_length','2025-10-29 20:16:11.055966');
INSERT INTO django_migrations VALUES(9,'auth','0004_alter_user_username_opts','2025-10-29 20:16:11.064332');
INSERT INTO django_migrations VALUES(10,'auth','0005_alter_user_last_login_null','2025-10-29 20:16:11.072398');
INSERT INTO django_migrations VALUES(11,'auth','0006_require_contenttypes_0002','2025-10-29 20:16:11.075473');
INSERT INTO django_migrations VALUES(12,'auth','0007_alter_validators_add_error_messages','2025-10-29 20:16:11.082790');
INSERT INTO django_migrations VALUES(13,'auth','0008_alter_user_username_max_length','2025-10-29 20:16:11.090954');
INSERT INTO django_migrations VALUES(14,'auth','0009_alter_user_last_name_max_length','2025-10-29 20:16:11.100997');
INSERT INTO django_migrations VALUES(15,'auth','0010_alter_group_name_max_length','2025-10-29 20:16:11.108865');
INSERT INTO django_migrations VALUES(16,'auth','0011_update_proxy_permissions','2025-10-29 20:16:11.116247');
INSERT INTO django_migrations VALUES(17,'auth','0012_alter_user_first_name_max_length','2025-10-29 20:16:11.124161');
INSERT INTO django_migrations VALUES(18,'moto_shop','0001_initial','2025-10-29 20:16:11.144895');
INSERT INTO django_migrations VALUES(19,'sessions','0001_initial','2025-10-29 20:16:11.152461');
INSERT INTO django_migrations VALUES(20,'moto_shop','0002_categorie_culoare_categorie_icon_css_categorie_slug','2025-11-04 20:40:28.251070');
INSERT INTO django_migrations VALUES(21,'moto_shop','0003_alter_categorie_slug','2025-11-04 20:47:07.160657');
INSERT INTO django_migrations VALUES(22,'moto_shop','0004_remove_produs_categorie_produs_categorii','2025-11-06 07:30:40.146563');
INSERT INTO django_migrations VALUES(23,'moto_shop','0005_alter_brand_options_alter_discount_options_and_more','2025-11-06 10:45:34.642111');
CREATE TABLE IF NOT EXISTS "auth_group_permissions" ("id" integer NOT NULL PRIMARY KEY AUTOINCREMENT, "group_id" integer NOT NULL REFERENCES "auth_group" ("id") DEFERRABLE INITIALLY DEFERRED, "permission_id" integer NOT NULL REFERENCES "auth_permission" ("id") DEFERRABLE INITIALLY DEFERRED);
CREATE TABLE IF NOT EXISTS "auth_user_groups" ("id" integer NOT NULL PRIMARY KEY AUTOINCREMENT, "user_id" integer NOT NULL REFERENCES "auth_user" ("id") DEFERRABLE INITIALLY DEFERRED, "group_id" integer NOT NULL REFERENCES "auth_group" ("id") DEFERRABLE INITIALLY DEFERRED);
CREATE TABLE IF NOT EXISTS "auth_user_user_permissions" ("id" integer NOT NULL PRIMARY KEY AUTOINCREMENT, "user_id" integer NOT NULL REFERENCES "auth_user" ("id") DEFERRABLE INITIALLY DEFERRED, "permission_id" integer NOT NULL REFERENCES "auth_permission" ("id") DEFERRABLE INITIALLY DEFERRED);
CREATE TABLE IF NOT EXISTS "django_admin_log" ("id" integer NOT NULL PRIMARY KEY AUTOINCREMENT, "object_id" text NULL, "object_repr" varchar(200) NOT NULL, "action_flag" smallint unsigned NOT NULL CHECK ("action_flag" >= 0), "change_message" text NOT NULL, "content_type_id" integer NULL REFERENCES "django_content_type" ("id") DEFERRABLE INITIALLY DEFERRED, "user_id" integer NOT NULL REFERENCES "auth_user" ("id") DEFERRABLE INITIALLY DEFERRED, "action_time" datetime NOT NULL);
INSERT INTO django_admin_log VALUES(1,'4','Rebelhorn',1,'[{"added": {}}]',7,1,'2025-11-06 10:48:34.471979');
INSERT INTO django_admin_log VALUES(2,'4','Rebelhorn',2,'[{"changed": {"fields": ["Activ"]}}]',7,1,'2025-11-06 10:48:47.424137');
INSERT INTO django_admin_log VALUES(3,'5','Bărbați',2,'[{"changed": {"fields": ["Descriere"]}}]',8,1,'2025-11-06 10:55:25.085650');
INSERT INTO django_admin_log VALUES(4,'5','Barbati',2,'[{"changed": {"fields": ["Nume"]}}]',8,1,'2025-11-06 10:55:34.870165');
INSERT INTO django_admin_log VALUES(5,'4','Femei',2,'[]',8,1,'2025-11-06 10:55:41.318497');
INSERT INTO django_admin_log VALUES(6,'3','Manusi',2,'[]',8,1,'2025-11-06 10:55:46.772770');
INSERT INTO django_admin_log VALUES(7,'5','Barbati',2,'[]',8,1,'2025-11-06 10:56:34.701510');
CREATE TABLE IF NOT EXISTS "django_content_type" ("id" integer NOT NULL PRIMARY KEY AUTOINCREMENT, "app_label" varchar(100) NOT NULL, "model" varchar(100) NOT NULL);
INSERT INTO django_content_type VALUES(1,'admin','logentry');
INSERT INTO django_content_type VALUES(2,'auth','permission');
INSERT INTO django_content_type VALUES(3,'auth','group');
INSERT INTO django_content_type VALUES(4,'auth','user');
INSERT INTO django_content_type VALUES(5,'contenttypes','contenttype');
INSERT INTO django_content_type VALUES(6,'sessions','session');
INSERT INTO django_content_type VALUES(7,'moto_shop','brand');
INSERT INTO django_content_type VALUES(8,'moto_shop','categorie');
INSERT INTO django_content_type VALUES(9,'moto_shop','produs');
INSERT INTO django_content_type VALUES(10,'moto_shop','imagineprodus');
INSERT INTO django_content_type VALUES(11,'moto_shop','furnizor');
INSERT INTO django_content_type VALUES(12,'moto_shop','discount');
INSERT INTO django_content_type VALUES(13,'moto_shop','variantaprodus');
CREATE TABLE IF NOT EXISTS "auth_permission" ("id" integer NOT NULL PRIMARY KEY AUTOINCREMENT, "content_type_id" integer NOT NULL REFERENCES "django_content_type" ("id") DEFERRABLE INITIALLY DEFERRED, "codename" varchar(100) NOT NULL, "name" varchar(255) NOT NULL);
INSERT INTO auth_permission VALUES(1,1,'add_logentry','Can add log entry');
INSERT INTO auth_permission VALUES(2,1,'change_logentry','Can change log entry');
INSERT INTO auth_permission VALUES(3,1,'delete_logentry','Can delete log entry');
INSERT INTO auth_permission VALUES(4,1,'view_logentry','Can view log entry');
INSERT INTO auth_permission VALUES(5,2,'add_permission','Can add permission');
INSERT INTO auth_permission VALUES(6,2,'change_permission','Can change permission');
INSERT INTO auth_permission VALUES(7,2,'delete_permission','Can delete permission');
INSERT INTO auth_permission VALUES(8,2,'view_permission','Can view permission');
INSERT INTO auth_permission VALUES(9,3,'add_group','Can add group');
INSERT INTO auth_permission VALUES(10,3,'change_group','Can change group');
INSERT INTO auth_permission VALUES(11,3,'delete_group','Can delete group');
INSERT INTO auth_permission VALUES(12,3,'view_group','Can view group');
INSERT INTO auth_permission VALUES(13,4,'add_user','Can add user');
INSERT INTO auth_permission VALUES(14,4,'change_user','Can change user');
INSERT INTO auth_permission VALUES(15,4,'delete_user','Can delete user');
INSERT INTO auth_permission VALUES(16,4,'view_user','Can view user');
INSERT INTO auth_permission VALUES(17,5,'add_contenttype','Can add content type');
INSERT INTO auth_permission VALUES(18,5,'change_contenttype','Can change content type');
INSERT INTO auth_permission VALUES(19,5,'delete_contenttype','Can delete content type');
INSERT INTO auth_permission VALUES(20,5,'view_contenttype','Can view content type');
INSERT INTO auth_permission VALUES(21,6,'add_session','Can add session');
INSERT INTO auth_permission VALUES(22,6,'change_session','Can change session');
INSERT INTO auth_permission VALUES(23,6,'delete_session','Can delete session');
INSERT INTO auth_permission VALUES(24,6,'view_session','Can view session');
INSERT INTO auth_permission VALUES(25,7,'add_brand','Can add brand');
INSERT INTO auth_permission VALUES(26,7,'change_brand','Can change brand');
INSERT INTO auth_permission VALUES(27,7,'delete_brand','Can delete brand');
INSERT INTO auth_permission VALUES(28,7,'view_brand','Can view brand');
INSERT INTO auth_permission VALUES(29,8,'add_categorie','Can add categorie');
INSERT INTO auth_permission VALUES(30,8,'change_categorie','Can change categorie');
INSERT INTO auth_permission VALUES(31,8,'delete_categorie','Can delete categorie');
INSERT INTO auth_permission VALUES(32,8,'view_categorie','Can view categorie');
INSERT INTO auth_permission VALUES(33,9,'add_produs','Can add produs');
INSERT INTO auth_permission VALUES(34,9,'change_produs','Can change produs');
INSERT INTO auth_permission VALUES(35,9,'delete_produs','Can delete produs');
INSERT INTO auth_permission VALUES(36,9,'view_produs','Can view produs');
INSERT INTO auth_permission VALUES(37,10,'add_imagineprodus','Can add imagine produs');
INSERT INTO auth_permission VALUES(38,10,'change_imagineprodus','Can change imagine produs');
INSERT INTO auth_permission VALUES(39,10,'delete_imagineprodus','Can delete imagine produs');
INSERT INTO auth_permission VALUES(40,10,'view_imagineprodus','Can view imagine produs');
INSERT INTO auth_permission VALUES(41,11,'add_furnizor','Can add furnizor');
INSERT INTO auth_permission VALUES(42,11,'change_furnizor','Can change furnizor');
INSERT INTO auth_permission VALUES(43,11,'delete_furnizor','Can delete furnizor');
INSERT INTO auth_permission VALUES(44,11,'view_furnizor','Can view furnizor');
INSERT INTO auth_permission VALUES(45,12,'add_discount','Can add discount');
INSERT INTO auth_permission VALUES(46,12,'change_discount','Can change discount');
INSERT INTO auth_permission VALUES(47,12,'delete_discount','Can delete discount');
INSERT INTO auth_permission VALUES(48,12,'view_discount','Can view discount');
INSERT INTO auth_permission VALUES(49,13,'add_variantaprodus','Can add varianta produs');
INSERT INTO auth_permission VALUES(50,13,'change_variantaprodus','Can change varianta produs');
INSERT INTO auth_permission VALUES(51,13,'delete_variantaprodus','Can delete varianta produs');
INSERT INTO auth_permission VALUES(52,13,'view_variantaprodus','Can view varianta produs');
CREATE TABLE IF NOT EXISTS "auth_group" ("id" integer NOT NULL PRIMARY KEY AUTOINCREMENT, "name" varchar(150) NOT NULL UNIQUE);
CREATE TABLE IF NOT EXISTS "auth_user" ("id" integer NOT NULL PRIMARY KEY AUTOINCREMENT, "password" varchar(128) NOT NULL, "last_login" datetime NULL, "is_superuser" bool NOT NULL, "username" varchar(150) NOT NULL UNIQUE, "last_name" varchar(150) NOT NULL, "email" varchar(254) NOT NULL, "is_staff" bool NOT NULL, "is_active" bool NOT NULL, "date_joined" datetime NOT NULL, "first_name" varchar(150) NOT NULL);
INSERT INTO auth_user VALUES(1,'pbkdf2_sha256$600000$4mwmQf0ChK0DgFtfVgdJKZ$JUwShJBmOt0o6IcX+slfIvj13KcF2DYy9Olq4D/se0s=','2025-11-06 10:47:25.212836',1,'teosimi','','steo334@gmail.com',1,1,'2025-11-06 10:47:04.207916','');
CREATE TABLE IF NOT EXISTS "moto_shop_brand" ("id" integer NOT NULL PRIMARY KEY AUTOINCREMENT, "nume" varchar(120) NOT NULL UNIQUE, "tara" varchar(80) NULL, "activ" bool NOT NULL);
INSERT INTO moto_shop_brand VALUES(1,'Dainese','Italia',1);
INSERT INTO moto_shop_brand VALUES(2,'Alpinestars','Italia',1);
INSERT INTO moto_shop_brand VALUES(3,'Shoei','Japonia',1);
INSERT INTO moto_shop_brand VALUES(4,'Rebelhorn',NULL,0);
CREATE TABLE IF NOT EXISTS "moto_shop_discount" ("id" integer NOT NULL PRIMARY KEY AUTOINCREMENT, "nume" varchar(120) NOT NULL UNIQUE, "procent" decimal NULL, "suma_fixa" decimal NULL, "start_la" date NULL, "end_la" date NULL, "activ" bool NOT NULL);
INSERT INTO moto_shop_discount VALUES(1,'Reducere de toamnă',10,NULL,'2025-10-01','2025-11-30',1);
INSERT INTO moto_shop_discount VALUES(2,'Black Friday',25,NULL,'2025-11-15','2025-11-25',1);
INSERT INTO moto_shop_discount VALUES(3,'Reducere lichidare',NULL,150,NULL,NULL,1);
CREATE TABLE IF NOT EXISTS "moto_shop_furnizor" ("id" integer NOT NULL PRIMARY KEY AUTOINCREMENT, "nume" varchar(120) NOT NULL UNIQUE, "email" varchar(120) NOT NULL UNIQUE, "telefon" varchar(30) NULL, "tara" varchar(80) NULL, "activ" bool NOT NULL);
INSERT INTO moto_shop_furnizor VALUES(1,'MotoGear SRL','contact@motogear.ro','0722123456','România',1);
INSERT INTO moto_shop_furnizor VALUES(2,'RiderStore','sales@riderstore.com','0755123456','Germania',1);
INSERT INTO moto_shop_furnizor VALUES(3,'TrackLine','info@trackline.eu','0040123456','Olanda',1);
CREATE TABLE IF NOT EXISTS "moto_shop_variantaprodus" ("id" integer NOT NULL PRIMARY KEY AUTOINCREMENT, "cod_produs" varchar(50) NOT NULL UNIQUE, "marime" varchar(5) NOT NULL, "culoare" varchar(40) NOT NULL, "pret" decimal NOT NULL, "stoc" integer unsigned NOT NULL CHECK ("stoc" >= 0), "greutate" integer unsigned NULL CHECK ("greutate" >= 0), "disponibil_de_la" date NULL, "activ" bool NOT NULL, "discount_id" bigint NULL REFERENCES "moto_shop_discount" ("id") DEFERRABLE INITIALLY DEFERRED, "furnizor_id" bigint NOT NULL REFERENCES "moto_shop_furnizor" ("id") DEFERRABLE INITIALLY DEFERRED, "produs_id" bigint NOT NULL REFERENCES "moto_shop_produs" ("id") DEFERRABLE INITIALLY DEFERRED);
INSERT INTO moto_shop_variantaprodus VALUES(1,'DAI-SPM-L-BLK','L','Negru',2100,5,NULL,NULL,1,1,1,1);
INSERT INTO moto_shop_variantaprodus VALUES(2,'SHO-NXR2-M-WHT','M','Alb',1750,7,NULL,NULL,1,2,2,2);
INSERT INTO moto_shop_variantaprodus VALUES(3,'ALP-SM10-XL-RED','XL','Roșu',2300,3,NULL,NULL,1,3,3,3);
INSERT INTO moto_shop_variantaprodus VALUES(4,'DAI-SRID-M-BLK','M','Negru',1750,6,NULL,NULL,1,NULL,1,4);
INSERT INTO moto_shop_variantaprodus VALUES(5,'ALP-STEL-S-PNK','S','Roz',1600,4,NULL,NULL,1,NULL,2,5);
INSERT INTO moto_shop_variantaprodus VALUES(6,'SHO-TUR-L-GRY','L','Gri',1680,8,NULL,NULL,1,NULL,3,6);
INSERT INTO moto_shop_variantaprodus VALUES(7,'DAI-STEEL-M-BLK','M','Negru',630,15,NULL,NULL,1,NULL,1,7);
INSERT INTO moto_shop_variantaprodus VALUES(8,'ALP-STEL-SP-S-BLU','S','Albastru',560,10,NULL,NULL,1,NULL,2,8);
INSERT INTO moto_shop_variantaprodus VALUES(9,'SHO-AIR-M-BLK','M','Negru',500,12,NULL,NULL,1,NULL,3,9);
INSERT INTO moto_shop_variantaprodus VALUES(10,'DAI-URB-L-WHT','L','Alb',1150,9,NULL,NULL,1,NULL,1,10);
CREATE TABLE IF NOT EXISTS "moto_shop_imagineprodus" ("id" integer NOT NULL PRIMARY KEY AUTOINCREMENT, "url" varchar(200) NOT NULL, "alt_text" varchar(200) NULL, "este_coperta" bool NOT NULL, "ordine" integer unsigned NOT NULL CHECK ("ordine" >= 0), "produs_id" bigint NOT NULL REFERENCES "moto_shop_produs" ("id") DEFERRABLE INITIALLY DEFERRED);
INSERT INTO moto_shop_imagineprodus VALUES(1,'/static/moto_shop/imagini/casca_dainese_sportmodular.jpg','Casca Dainese Sportmodular',1,1,1);
INSERT INTO moto_shop_imagineprodus VALUES(2,'/static/moto_shop/imagini/casca_shoei_nxr2.jpg','Casca Shoei NXR2',1,1,2);
INSERT INTO moto_shop_imagineprodus VALUES(3,'/static/moto_shop/imagini/casca_alpinestars_sm10.jpg','Casca Alpinestars S-M10',1,1,3);
INSERT INTO moto_shop_imagineprodus VALUES(4,'/static/moto_shop/imagini/geaca_dainese_super_rider.jpg','Geacă Dainese Super Rider',1,1,4);
INSERT INTO moto_shop_imagineprodus VALUES(5,'/static/moto_shop/imagini/geaca_alpinestars_stella.jpg','Geacă Alpinestars Stella',1,1,5);
INSERT INTO moto_shop_imagineprodus VALUES(6,'/static/moto_shop/imagini/geaca_shoei_touring_pro.jpg','Geacă Shoei Touring Pro',1,1,6);
INSERT INTO moto_shop_imagineprodus VALUES(7,'/static/moto_shop/imagini/manusi_dainese_steel_pro.jpg','Mănuși Dainese Steel Pro',1,1,7);
INSERT INTO moto_shop_imagineprodus VALUES(8,'/static/moto_shop/imagini/manusi_alpinestars_stella_sp.jpg','Mănuși Alpinestars Stella SP',1,1,8);
INSERT INTO moto_shop_imagineprodus VALUES(9,'/static/moto_shop/imagini/manusi_shoei_airflow.jpg','Mănuși Shoei AirFlow',1,1,9);
INSERT INTO moto_shop_imagineprodus VALUES(10,'/static/moto_shop/imagini/casca_dainese_urban.jpg','Casca Dainese Urban',1,1,10);
CREATE TABLE IF NOT EXISTS "django_session" ("session_key" varchar(40) NOT NULL PRIMARY KEY, "session_data" text NOT NULL, "expire_date" datetime NOT NULL);
INSERT INTO django_session VALUES('64jfx3teri9dwkk0jt727262wl1shh5j','.eJxVjDsOwjAQBe_iGln-bGyHkp4zWLveDQ6gRIqTCnF3iJQC2jcz76UybmvNW5Mlj6zOyqrT70ZYHjLtgO843WZd5mldRtK7og_a9HVmeV4O9--gYqvfGnpDXoSMlwIGo-eUegzIQ4DBdn3EwNY4oIQiwCEWCwkJRDrTORfV-wPuvzf8:1vGxWX:eMZ4S6Rb4ICZZq0F5iovoPX4xiFMaDiz9ZlFrOBb-cM','2025-11-20 10:47:25.215628');
CREATE TABLE IF NOT EXISTS "moto_shop_categorie" ("id" integer NOT NULL PRIMARY KEY AUTOINCREMENT, "nume" varchar(120) NOT NULL UNIQUE, "descriere" text NULL, "culoare" varchar(7) NULL, "icon_css" varchar(50) NULL, "slug" varchar(140) NOT NULL UNIQUE);
INSERT INTO moto_shop_categorie VALUES(1,'Casti','Casti integrale si modulare pentru protecție maxima','#222222','fa-solid fa-helmet-safety','casti');
INSERT INTO moto_shop_categorie VALUES(2,'Geci moto','Geci din piele si textile pentru protectie la impact','#0055AA','fa-solid fa-vest-patches','geci-moto');
INSERT INTO moto_shop_categorie VALUES(3,'Manusi','Manusi de strada si sport cu protectii','#AA0000','fa-solid fa-hand-back-fist','manusi');
INSERT INTO moto_shop_categorie VALUES(4,'Femei','Echipamente moto dedicate femeilor','#FF69B4','fa-solid fa-person-dress','femei');
INSERT INTO moto_shop_categorie VALUES(5,'Barbati','Echipamente moto pentru barbati','#1EECFF','fa-solid fa-person','barbati');
INSERT INTO moto_shop_categorie VALUES(6,'Unisex','Echipamente moto potrivite pentru oricine','#00AA55','fa-solid fa-helmet-safety','unisex');
CREATE TABLE IF NOT EXISTS "moto_shop_produs" ("id" integer NOT NULL PRIMARY KEY AUTOINCREMENT, "nume" varchar(160) NOT NULL, "descriere" text NULL, "gen" varchar(10) NOT NULL, "pret_baza" decimal NOT NULL, "creat_la" datetime NOT NULL, "activ" bool NOT NULL, "brand_id" bigint NOT NULL REFERENCES "moto_shop_brand" ("id") DEFERRABLE INITIALLY DEFERRED);
INSERT INTO moto_shop_produs VALUES(1,'Casca Dainese Sportmodular',NULL,'unisex',2200,'2025-11-06 10:46:10.679190',1,1);
INSERT INTO moto_shop_produs VALUES(2,'Casca Shoei NXR2',NULL,'barbati',1950,'2025-11-06 10:46:10.685385',1,3);
INSERT INTO moto_shop_produs VALUES(3,'Casca Alpinestars S-M10',NULL,'unisex',2450,'2025-11-06 10:46:10.691295',1,2);
INSERT INTO moto_shop_produs VALUES(4,'Geaca Dainese Super Rider',NULL,'barbati',1800,'2025-11-06 10:46:10.696895',1,1);
INSERT INTO moto_shop_produs VALUES(5,'Geaca Alpinestars Stella',NULL,'femei',1650,'2025-11-06 10:46:10.702538',1,2);
INSERT INTO moto_shop_produs VALUES(6,'Geaca Shoei Touring Pro',NULL,'unisex',1720,'2025-11-06 10:46:10.707609',1,3);
INSERT INTO moto_shop_produs VALUES(7,'Manusi Dainese Steel Pro',NULL,'barbati',650,'2025-11-06 10:46:10.713625',1,1);
INSERT INTO moto_shop_produs VALUES(8,'Manusi Alpinestars Stella SP',NULL,'femei',590,'2025-11-06 10:46:10.719450',1,2);
INSERT INTO moto_shop_produs VALUES(9,'Manusi Shoei AirFlow',NULL,'unisex',520,'2025-11-06 10:46:10.725551',1,3);
INSERT INTO moto_shop_produs VALUES(10,'Casca Dainese Urban',NULL,'unisex',1200,'2025-11-06 10:46:10.732165',1,1);
CREATE TABLE IF NOT EXISTS "moto_shop_produs_categorii" ("id" integer NOT NULL PRIMARY KEY AUTOINCREMENT, "produs_id" bigint NOT NULL REFERENCES "moto_shop_produs" ("id") DEFERRABLE INITIALLY DEFERRED, "categorie_id" bigint NOT NULL REFERENCES "moto_shop_categorie" ("id") DEFERRABLE INITIALLY DEFERRED);
INSERT INTO moto_shop_produs_categorii VALUES(1,1,1);
INSERT INTO moto_shop_produs_categorii VALUES(2,1,6);
INSERT INTO moto_shop_produs_categorii VALUES(3,2,1);
INSERT INTO moto_shop_produs_categorii VALUES(4,2,5);
INSERT INTO moto_shop_produs_categorii VALUES(5,3,1);
INSERT INTO moto_shop_produs_categorii VALUES(6,3,6);
INSERT INTO moto_shop_produs_categorii VALUES(7,4,2);
INSERT INTO moto_shop_produs_categorii VALUES(8,4,5);
INSERT INTO moto_shop_produs_categorii VALUES(9,5,2);
INSERT INTO moto_shop_produs_categorii VALUES(10,5,4);
INSERT INTO moto_shop_produs_categorii VALUES(11,6,2);
INSERT INTO moto_shop_produs_categorii VALUES(12,6,6);
INSERT INTO moto_shop_produs_categorii VALUES(13,7,3);
INSERT INTO moto_shop_produs_categorii VALUES(14,7,5);
INSERT INTO moto_shop_produs_categorii VALUES(15,8,3);
INSERT INTO moto_shop_produs_categorii VALUES(16,8,4);
INSERT INTO moto_shop_produs_categorii VALUES(17,9,3);
INSERT INTO moto_shop_produs_categorii VALUES(18,9,6);
INSERT INTO moto_shop_produs_categorii VALUES(19,10,1);
INSERT INTO moto_shop_produs_categorii VALUES(20,10,6);
DELETE FROM sqlite_sequence;
INSERT INTO sqlite_sequence VALUES('django_migrations',23);
INSERT INTO sqlite_sequence VALUES('django_admin_log',7);
INSERT INTO sqlite_sequence VALUES('django_content_type',13);
INSERT INTO sqlite_sequence VALUES('auth_permission',52);
INSERT INTO sqlite_sequence VALUES('auth_group',0);
INSERT INTO sqlite_sequence VALUES('auth_user',1);
INSERT INTO sqlite_sequence VALUES('moto_shop_brand',4);
INSERT INTO sqlite_sequence VALUES('moto_shop_furnizor',3);
INSERT INTO sqlite_sequence VALUES('moto_shop_variantaprodus',10);
INSERT INTO sqlite_sequence VALUES('moto_shop_categorie',6);
INSERT INTO sqlite_sequence VALUES('moto_shop_discount',3);
INSERT INTO sqlite_sequence VALUES('moto_shop_imagineprodus',10);
INSERT INTO sqlite_sequence VALUES('moto_shop_produs',10);
INSERT INTO sqlite_sequence VALUES('moto_shop_produs_categorii',20);
CREATE UNIQUE INDEX "auth_group_permissions_group_id_permission_id_0cd325b0_uniq" ON "auth_group_permissions" ("group_id", "permission_id");
CREATE INDEX "auth_group_permissions_group_id_b120cbf9" ON "auth_group_permissions" ("group_id");
CREATE INDEX "auth_group_permissions_permission_id_84c5c92e" ON "auth_group_permissions" ("permission_id");
CREATE UNIQUE INDEX "auth_user_groups_user_id_group_id_94350c0c_uniq" ON "auth_user_groups" ("user_id", "group_id");
CREATE INDEX "auth_user_groups_user_id_6a12ed8b" ON "auth_user_groups" ("user_id");
CREATE INDEX "auth_user_groups_group_id_97559544" ON "auth_user_groups" ("group_id");
CREATE UNIQUE INDEX "auth_user_user_permissions_user_id_permission_id_14a6b632_uniq" ON "auth_user_user_permissions" ("user_id", "permission_id");
CREATE INDEX "auth_user_user_permissions_user_id_a95ead1b" ON "auth_user_user_permissions" ("user_id");
CREATE INDEX "auth_user_user_permissions_permission_id_1fbb5f2c" ON "auth_user_user_permissions" ("permission_id");
CREATE INDEX "django_admin_log_content_type_id_c4bce8eb" ON "django_admin_log" ("content_type_id");
CREATE INDEX "django_admin_log_user_id_c564eba6" ON "django_admin_log" ("user_id");
CREATE UNIQUE INDEX "django_content_type_app_label_model_76bd3d3b_uniq" ON "django_content_type" ("app_label", "model");
CREATE UNIQUE INDEX "auth_permission_content_type_id_codename_01ab375a_uniq" ON "auth_permission" ("content_type_id", "codename");
CREATE INDEX "auth_permission_content_type_id_2f476e4b" ON "auth_permission" ("content_type_id");
CREATE UNIQUE INDEX "moto_shop_variantaprodus_produs_id_marime_culoare_7ef113ef_uniq" ON "moto_shop_variantaprodus" ("produs_id", "marime", "culoare");
CREATE INDEX "moto_shop_variantaprodus_discount_id_d55c5a46" ON "moto_shop_variantaprodus" ("discount_id");
CREATE INDEX "moto_shop_variantaprodus_furnizor_id_9eff41a2" ON "moto_shop_variantaprodus" ("furnizor_id");
CREATE INDEX "moto_shop_variantaprodus_produs_id_499e7aeb" ON "moto_shop_variantaprodus" ("produs_id");
CREATE UNIQUE INDEX "moto_shop_imagineprodus_produs_id_ordine_7c002b24_uniq" ON "moto_shop_imagineprodus" ("produs_id", "ordine");
CREATE INDEX "moto_shop_imagineprodus_produs_id_dda5fc60" ON "moto_shop_imagineprodus" ("produs_id");
CREATE INDEX "django_session_expire_date_a5c62663" ON "django_session" ("expire_date");
CREATE UNIQUE INDEX "moto_shop_produs_brand_id_nume_fe6e0280_uniq" ON "moto_shop_produs" ("brand_id", "nume");
CREATE INDEX "moto_shop_produs_brand_id_f748d612" ON "moto_shop_produs" ("brand_id");
CREATE UNIQUE INDEX "moto_shop_produs_categorii_produs_id_categorie_id_92c9eb25_uniq" ON "moto_shop_produs_categorii" ("produs_id", "categorie_id");
CREATE INDEX "moto_shop_produs_categorii_produs_id_b84f3f77" ON "moto_shop_produs_categorii" ("produs_id");
CREATE INDEX "moto_shop_produs_categorii_categorie_id_228278e7" ON "moto_shop_produs_categorii" ("categorie_id");
COMMIT;
